{"cameraMode":{"drawMode":0,"name":"Shaded","section":"Shading Mode"},"sceneLighting":true,"audioPlay":false,"sceneViewState":{"showFog":true,"showMaterialUpdate":true,"showSkybox":true,"showFlares":true,"showImageEffects":true,"showParticleSystems":true},"in2DMode":false,"pivot":{"x":43.969093322753909,"y":-5.32905387878418,"z":-4.285743713378906},"rotation":{"x":-0.17043645679950715,"y":-0.021585071459412576,"z":0.0037339453119784595,"w":-0.9851251840591431},"size":65.06153106689453,"orthographic":false}