{"cameraMode":{"drawMode":0,"name":"Shaded","section":"Shading Mode"},"sceneLighting":false,"audioPlay":false,"sceneViewState":{"showFog":true,"showMaterialUpdate":true,"showSkybox":false,"showFlares":true,"showImageEffects":true,"showParticleSystems":true},"in2DMode":false,"pivot":{"x":-4.889999866485596,"y":-2.2100000381469728,"z":0.0},"rotation":{"x":-0.17043645679950715,"y":-0.021585071459412576,"z":0.0037339453119784595,"w":-0.9851251840591431},"size":3.8410561084747316,"orthographic":false}