{"cameraMode":{"drawMode":0,"name":"Shaded","section":"Shading Mode"},"sceneLighting":false,"audioPlay":false,"sceneViewState":{"showFog":true,"showMaterialUpdate":true,"showSkybox":false,"showFlares":true,"showImageEffects":true,"showParticleSystems":true},"in2DMode":false,"pivot":{"x":-17.70027732849121,"y":-31.37504005432129,"z":-0.3973846435546875},"rotation":{"x":-0.193492591381073,"y":-0.14161062240600587,"z":0.028235632926225663,"w":-0.9704173803329468},"size":2.8578836917877199,"orthographic":false}