{"cameraMode":{"drawMode":0,"name":"Shaded","section":"Shading Mode"},"sceneLighting":false,"audioPlay":false,"sceneViewState":{"showFog":true,"showMaterialUpdate":true,"showSkybox":false,"showFlares":true,"showImageEffects":true,"showParticleSystems":true},"in2DMode":false,"pivot":{"x":-17.540645599365236,"y":-31.43885612487793,"z":-0.3882873058319092},"rotation":{"x":-0.101137675344944,"y":-0.4998331069946289,"z":0.05890587717294693,"w":-0.8581772446632385},"size":1.0547411441802979,"orthographic":false}