{"cameraMode":{"drawMode":0,"name":"Shaded","section":"Shading Mode"},"sceneLighting":false,"audioPlay":false,"sceneViewState":{"showFog":true,"showMaterialUpdate":true,"showSkybox":false,"showFlares":true,"showImageEffects":true,"showParticleSystems":true},"in2DMode":false,"pivot":{"x":-17.70027732849121,"y":-31.37504005432129,"z":-0.3973846435546875},"rotation":{"x":-0.2985268235206604,"y":0.030625667423009874,"z":-0.009585036896169186,"w":-0.953861653804779},"size":2.8578836917877199,"orthographic":false}