{"cameraMode":{"drawMode":0,"name":"Shaded","section":"Shading Mode"},"sceneLighting":false,"audioPlay":false,"sceneViewState":{"showFog":true,"showMaterialUpdate":true,"showSkybox":false,"showFlares":true,"showImageEffects":true,"showParticleSystems":true},"in2DMode":false,"pivot":{"x":-4.889999866485596,"y":-2.2100000381469728,"z":0.0},"rotation":{"x":0.022182712331414224,"y":0.011089653708040715,"z":0.0002455958165228367,"w":-0.999692440032959},"size":5.531937122344971,"orthographic":false}